-- phpMyAdmin SQL Dump
-- version 5.2.1
-- https://www.phpmyadmin.net/
--
-- Host: 127.0.0.1
-- Generation Time: Jun 12, 2023 at 05:24 AM
-- Server version: 10.4.28-MariaDB
-- PHP Version: 8.2.4

SET SQL_MODE = "NO_AUTO_VALUE_ON_ZERO";
START TRANSACTION;
SET time_zone = "+00:00";


/*!40101 SET @OLD_CHARACTER_SET_CLIENT=@@CHARACTER_SET_CLIENT */;
/*!40101 SET @OLD_CHARACTER_SET_RESULTS=@@CHARACTER_SET_RESULTS */;
/*!40101 SET @OLD_COLLATION_CONNECTION=@@COLLATION_CONNECTION */;
/*!40101 SET NAMES utf8mb4 */;

--
-- Database: `calc_folha`
--

DELIMITER $$
--
-- Procedures
--
CREATE DEFINER=`root`@`localhost` PROCEDURE `sp_test` (IN `inicio` DATE, IN `fim` DATE)   BEGIN   

DECLARE startDate DATE;
DECLARE endDate DATE;
DECLARE currentDate DATE;

-- Set the values for the start and end dates
SET startDate = inicio, endDate = fim;

SET currentDate = startDate;

DROP TEMPORARY TABLE IF EXISTS calendar; 
-- Create a temporary table to hold the calendar data
CREATE TEMPORARY TABLE Calendar (dt DATE, indicador enum('D','F'));

-- Loop through all the dates between the start and end dates
WHILE currentDate <= endDate
DO
    INSERT INTO calendar (dt, indicador)
    SELECT currentDate,'D' as Indicador where NOT EXISTS(SELECT 1 FROM feriados WHERE date_format(currentDate, "%m-%d") = date_format(dia, "%m-%d")) AND weekday(currentDate) IN (6);
  
	INSERT INTO calendar (dt, indicador)
    SELECT currentDate,'F' as Indicador where EXISTS(SELECT 1 FROM feriados WHERE date_format(currentDate, "%m-%d") = date_format(dia, "%m-%d"));
    
    -- Increment the current date by one day
    SET currentDate = DATE_ADD(currentDate, interval 1 day);
END WHILE;

-- Select the desired columns from the calendar table
SELECT 
dt -- The date
,indicador
FROM Calendar; -- From the calendar table generated by the loop


-- Drop the temporary calendar table
drop temporary table calendar;

END$$

DELIMITER ;

-- --------------------------------------------------------

--
-- Table structure for table `area`
--

CREATE TABLE `area` (
  `cod_area` int(11) NOT NULL,
  `nome` varchar(45) NOT NULL
) ENGINE=InnoDB DEFAULT CHARSET=utf8 COLLATE=utf8_general_ci;

--
-- Dumping data for table `area`
--

INSERT INTO `area` (`cod_area`, `nome`) VALUES
(1, 'Vendas'),
(2, 'Administração');

-- --------------------------------------------------------

--
-- Table structure for table `atraso`
--

CREATE TABLE `atraso` (
  `id_area` int(11) NOT NULL,
  `data_atraso` date NOT NULL,
  `qtd_minutos` int(11) NOT NULL,
  `cod_obreiro` int(11) NOT NULL
) ENGINE=InnoDB DEFAULT CHARSET=utf8 COLLATE=utf8_general_ci;

--
-- Dumping data for table `atraso`
--

INSERT INTO `atraso` (`id_area`, `data_atraso`, `qtd_minutos`, `cod_obreiro`) VALUES
(1, '2023-06-08', 5, 7),
(2, '2023-06-09', 2, 6),
(3, '2023-06-10', 30, 8),
(4, '2023-06-08', 15, 8);

-- --------------------------------------------------------

--
-- Table structure for table `banco`
--

CREATE TABLE `banco` (
  `cod_banco` int(11) NOT NULL,
  `cod_obreiro` int(11) NOT NULL,
  `quantia` decimal(10,2) NOT NULL
) ENGINE=InnoDB DEFAULT CHARSET=utf8 COLLATE=utf8_general_ci;

-- --------------------------------------------------------

--
-- Table structure for table `centro_custo`
--

CREATE TABLE `centro_custo` (
  `cod_centro` int(11) NOT NULL,
  `centro_custo` varchar(45) NOT NULL,
  `cod_area` int(11) NOT NULL
) ENGINE=InnoDB DEFAULT CHARSET=utf8 COLLATE=utf8_general_ci;

--
-- Dumping data for table `centro_custo`
--

INSERT INTO `centro_custo` (`cod_centro`, `centro_custo`, `cod_area`) VALUES
(1, 'Vendas', 1),
(2, 'Atendimento ao Cliente', 1),
(3, 'RH', 2),
(4, 'Produção', 3);

-- --------------------------------------------------------

--
-- Table structure for table `extra`
--

CREATE TABLE `extra` (
  `cod_extra` int(11) NOT NULL,
  `data` date NOT NULL,
  `qtd_horas` int(11) NOT NULL,
  `cod_obreiro` int(11) NOT NULL
) ENGINE=InnoDB DEFAULT CHARSET=utf8mb4 COLLATE=utf8mb4_general_ci;

-- --------------------------------------------------------

--
-- Table structure for table `feriado`
--

CREATE TABLE `feriado` (
  `cod_feriado` int(11) NOT NULL,
  `ano` int(11) NOT NULL,
  `data` date NOT NULL,
  `indicador` enum('D','F') NOT NULL
) ENGINE=InnoDB DEFAULT CHARSET=utf8 COLLATE=utf8_general_ci;

-- --------------------------------------------------------

--
-- Table structure for table `feriados`
--

CREATE TABLE `feriados` (
  `dia` date DEFAULT NULL
) ENGINE=InnoDB DEFAULT CHARSET=utf8 COLLATE=utf8_general_ci;

--
-- Dumping data for table `feriados`
--

INSERT INTO `feriados` (`dia`) VALUES
('2023-01-01'),
('2023-02-04'),
('2023-02-21'),
('2023-03-08'),
('2023-03-23'),
('2023-04-04'),
('2023-04-07'),
('2023-05-01'),
('2023-09-17'),
('2023-11-02'),
('2023-11-11'),
('2023-12-25');

-- --------------------------------------------------------

--
-- Table structure for table `obreiro`
--

CREATE TABLE `obreiro` (
  `cod_obreiro` int(11) NOT NULL,
  `nome` varchar(15) NOT NULL,
  `apelidos` varchar(25) NOT NULL,
  `data_nasc` date NOT NULL,
  `conta` varchar(15) NOT NULL,
  `cod_area` int(11) NOT NULL,
  `turno` enum('Manhã','Tarde','Noite') NOT NULL,
  `custo` decimal(10,2) NOT NULL
) ENGINE=InnoDB DEFAULT CHARSET=utf8 COLLATE=utf8_general_ci;

--
-- Dumping data for table `obreiro`
--

INSERT INTO `obreiro` (`cod_obreiro`, `nome`, `apelidos`, `data_nasc`, `conta`, `cod_area`, `turno`, `custo`) VALUES
(5, 'Kuenda', 'Mayeye', '2001-10-08', '20201219', 1, 'Manhã', 300.00),
(6, 'Rui', 'Mateus', '2002-10-08', '20201210', 2, 'Tarde', 500.00),
(7, 'José', 'Domingos', '2000-06-10', '20201110', 2, 'Noite', 700.00),
(8, 'Kuenda', 'Love', '2002-06-12', '20201260', 2, 'Tarde', 500.00),
(9, 'Kudiboy', 'Antonio', '2001-06-08', '20201211', 2, 'Manhã', 300.00),
(11, 'Jesus', 'Finda', '2000-06-11', '20211111', 1, 'Noite', 700.00);

--
-- Triggers `obreiro`
--
DELIMITER $$
CREATE TRIGGER `addCusto` BEFORE INSERT ON `obreiro` FOR EACH ROW BEGIN
	IF NEW.turno = "Manhã"
	THEN SET NEW.custo = 300;
	ELSEIF NEW.turno = "Tarde"
	THEN SET NEW.custo = 500;
    ELSEIF NEW.turno = "Noite"
	THEN SET NEW.custo = 700;
	END IF;
END
$$
DELIMITER ;

-- --------------------------------------------------------

--
-- Table structure for table `pagamento`
--

CREATE TABLE `pagamento` (
  `cod_pagamento` int(11) NOT NULL,
  `cod_obreiro` int(11) NOT NULL,
  `data_inicio` date NOT NULL,
  `data_termino` date NOT NULL,
  `quantia` decimal(10,2) NOT NULL
) ENGINE=InnoDB DEFAULT CHARSET=utf8 COLLATE=utf8_general_ci;

--
-- Indexes for dumped tables
--

--
-- Indexes for table `area`
--
ALTER TABLE `area`
  ADD PRIMARY KEY (`cod_area`);

--
-- Indexes for table `atraso`
--
ALTER TABLE `atraso`
  ADD PRIMARY KEY (`id_area`),
  ADD KEY `fk_atraso_obreiro` (`cod_obreiro`);

--
-- Indexes for table `banco`
--
ALTER TABLE `banco`
  ADD PRIMARY KEY (`cod_banco`),
  ADD KEY `fk_obreiro_centro` (`cod_obreiro`);

--
-- Indexes for table `centro_custo`
--
ALTER TABLE `centro_custo`
  ADD PRIMARY KEY (`cod_centro`);

--
-- Indexes for table `extra`
--
ALTER TABLE `extra`
  ADD PRIMARY KEY (`cod_extra`),
  ADD KEY `fk_extra_obreiro` (`cod_obreiro`);

--
-- Indexes for table `feriado`
--
ALTER TABLE `feriado`
  ADD PRIMARY KEY (`cod_feriado`);

--
-- Indexes for table `obreiro`
--
ALTER TABLE `obreiro`
  ADD PRIMARY KEY (`cod_obreiro`),
  ADD UNIQUE KEY `conta` (`conta`),
  ADD KEY `fk_obreiro_area` (`cod_area`);

--
-- Indexes for table `pagamento`
--
ALTER TABLE `pagamento`
  ADD PRIMARY KEY (`cod_pagamento`),
  ADD KEY `fk_pagamento_obreiro` (`cod_obreiro`);

--
-- AUTO_INCREMENT for dumped tables
--

--
-- AUTO_INCREMENT for table `area`
--
ALTER TABLE `area`
  MODIFY `cod_area` int(11) NOT NULL AUTO_INCREMENT, AUTO_INCREMENT=3;

--
-- AUTO_INCREMENT for table `atraso`
--
ALTER TABLE `atraso`
  MODIFY `id_area` int(11) NOT NULL AUTO_INCREMENT, AUTO_INCREMENT=5;

--
-- AUTO_INCREMENT for table `banco`
--
ALTER TABLE `banco`
  MODIFY `cod_banco` int(11) NOT NULL AUTO_INCREMENT;

--
-- AUTO_INCREMENT for table `centro_custo`
--
ALTER TABLE `centro_custo`
  MODIFY `cod_centro` int(11) NOT NULL AUTO_INCREMENT, AUTO_INCREMENT=5;

--
-- AUTO_INCREMENT for table `extra`
--
ALTER TABLE `extra`
  MODIFY `cod_extra` int(11) NOT NULL AUTO_INCREMENT;

--
-- AUTO_INCREMENT for table `feriado`
--
ALTER TABLE `feriado`
  MODIFY `cod_feriado` int(11) NOT NULL AUTO_INCREMENT;

--
-- AUTO_INCREMENT for table `obreiro`
--
ALTER TABLE `obreiro`
  MODIFY `cod_obreiro` int(11) NOT NULL AUTO_INCREMENT, AUTO_INCREMENT=12;

--
-- AUTO_INCREMENT for table `pagamento`
--
ALTER TABLE `pagamento`
  MODIFY `cod_pagamento` int(11) NOT NULL AUTO_INCREMENT;

--
-- Constraints for dumped tables
--

--
-- Constraints for table `atraso`
--
ALTER TABLE `atraso`
  ADD CONSTRAINT `fk_atraso_obreiro` FOREIGN KEY (`cod_obreiro`) REFERENCES `obreiro` (`cod_obreiro`) ON DELETE CASCADE ON UPDATE CASCADE;

--
-- Constraints for table `banco`
--
ALTER TABLE `banco`
  ADD CONSTRAINT `fk_obreiro_centro` FOREIGN KEY (`cod_obreiro`) REFERENCES `obreiro` (`cod_obreiro`) ON DELETE CASCADE ON UPDATE CASCADE;

--
-- Constraints for table `extra`
--
ALTER TABLE `extra`
  ADD CONSTRAINT `fk_extra_obreiro` FOREIGN KEY (`cod_obreiro`) REFERENCES `obreiro` (`cod_obreiro`) ON DELETE CASCADE ON UPDATE CASCADE;

--
-- Constraints for table `obreiro`
--
ALTER TABLE `obreiro`
  ADD CONSTRAINT `fk_obreiro_area` FOREIGN KEY (`cod_area`) REFERENCES `area` (`cod_area`) ON DELETE CASCADE ON UPDATE CASCADE;

--
-- Constraints for table `pagamento`
--
ALTER TABLE `pagamento`
  ADD CONSTRAINT `fk_pagamento_obreiro` FOREIGN KEY (`cod_obreiro`) REFERENCES `obreiro` (`cod_obreiro`) ON DELETE CASCADE ON UPDATE CASCADE;
COMMIT;

/*!40101 SET CHARACTER_SET_CLIENT=@OLD_CHARACTER_SET_CLIENT */;
/*!40101 SET CHARACTER_SET_RESULTS=@OLD_CHARACTER_SET_RESULTS */;
/*!40101 SET COLLATION_CONNECTION=@OLD_COLLATION_CONNECTION */;
